{
  "mean": [
    28.177513508371387,
    33.26455175038051,
    36.60495300608829,
    36.79679119101978,
    50.243408866057834,
    53.659095985540326,
    52.13903652968037,
    54.8891713280061,
    39.08158209665145,
    52.087238489345516,
    52.4215937024353,
    42.18851445966514,
    56.10626626712329,
    46.32334141933028,
    30.662670471841707,
    45.2277476217656,
    36.40893987823439,
    43.094059170471844,
    47.25468826103501,
    51.50124210426179,
    53.23782011035008,
    54.50347212709284,
    47.18530688736681,
    54.434236872146116,
    55.712630041856926,
    45.17578234398782,
    47.199624524353126,
    46.95945262557077,
    45.84623125951294,
    46.7518144977169,
    43.662464992389644,
    48.78345338660579,
    48.21904975266362,
    98.2004778348554,
    103.49628767123286,
    26.838852739726025,
    3.107945871385083,
    17605.58557952816,
    11.5,
    0.20833333333333334
  ],
  "scale": [
    0.5484294918601927,
    0.5415838422670111,
    0.5084756366414566,
    0.739200495078246,
    0.3588017071034189,
    0.4209845380460409,
    0.6069588166707689,
    0.6005412949818901,
    0.030323500197857185,
    0.651448519621036,
    0.4642595136293367,
    0.30344418194541034,
    0.4370909747818653,
    0.6343245894671781,
    0.7231840661561142,
    0.5996573413063063,
    0.6984103638547406,
    0.633771436972585,
    0.36393067262580936,
    0.26027574576986445,
    0.3971029408198211,
    0.4638854747855474,
    0.575191668635714,
    0.4922453349365301,
    0.6262971058573155,
    0.4965467054649061,
    0.5483222965952207,
    0.4518776308953661,
    0.34419196560970233,
    0.42660831532695453,
    0.16958736717774253,
    0.4414383612516854,
    0.3252462475930794,
    29.967686996215484,
    31.230583409443152,
    21.457315803298886,
    0.4560331734109037,
    7246.008992347032,
    6.922186552431729,
    0.40611643103370676
  ]
}